colour	x	showSelectedlegendcolour	PANEL	group
#FF0000	-2	pred.prob	1	1
#FF0000	-1.97989949748744	pred.prob	1	2
#FF0000	-1.95979899497487	pred.prob	1	3
#FF0000	-1.93969849246231	pred.prob	1	4
#FF0000	-1.91959798994975	pred.prob	1	5
#FF0000	-1.89949748743719	pred.prob	1	6
#FF0000	-1.87939698492462	pred.prob	1	7
#FF0000	-1.85929648241206	pred.prob	1	8
#FF0000	-1.8391959798995	pred.prob	1	9
#FF0000	-1.81909547738693	pred.prob	1	10
#FF0000	-1.79899497487437	pred.prob	1	11
#FF0000	-1.77889447236181	pred.prob	1	12
#FF0000	-1.75879396984925	pred.prob	1	13
#FF0000	-1.73869346733668	pred.prob	1	14
#FF0000	-1.71859296482412	pred.prob	1	15
#FF0000	-1.69849246231156	pred.prob	1	16
#FF0000	-1.67839195979899	pred.prob	1	17
#FF0000	-1.65829145728643	pred.prob	1	18
#FF0000	-1.63819095477387	pred.prob	1	19
#FF0000	-1.61809045226131	pred.prob	1	20
#FF0000	-1.59798994974874	pred.prob	1	21
#FF0000	-1.57788944723618	pred.prob	1	22
#FF0000	-1.55778894472362	pred.prob	1	23
#FF0000	-1.53768844221106	pred.prob	1	24
#FF0000	-1.51758793969849	pred.prob	1	25
#FF0000	-1.49748743718593	pred.prob	1	26
#FF0000	-1.47738693467337	pred.prob	1	27
#FF0000	-1.4572864321608	pred.prob	1	28
#FF0000	-1.43718592964824	pred.prob	1	29
#FF0000	-1.41708542713568	pred.prob	1	30
#FF0000	-1.39698492462312	pred.prob	1	31
#FF0000	-1.37688442211055	pred.prob	1	32
#FF0000	-1.35678391959799	pred.prob	1	33
#FF0000	-1.33668341708543	pred.prob	1	34
#FF0000	-1.31658291457286	pred.prob	1	35
#FF0000	-1.2964824120603	pred.prob	1	36
#FF0000	-1.27638190954774	pred.prob	1	37
#FF0000	-1.25628140703518	pred.prob	1	38
#FF0000	-1.23618090452261	pred.prob	1	39
#FF0000	-1.21608040201005	pred.prob	1	40
#FF0000	-1.19597989949749	pred.prob	1	41
#FF0000	-1.17587939698492	pred.prob	1	42
#FF0000	-1.15577889447236	pred.prob	1	43
#FF0000	-1.1356783919598	pred.prob	1	44
#FF0000	-1.11557788944724	pred.prob	1	45
#FF0000	-1.09547738693467	pred.prob	1	46
#FF0000	-1.07537688442211	pred.prob	1	47
#FF0000	-1.05527638190955	pred.prob	1	48
#FF0000	-1.03517587939698	pred.prob	1	49
#FF0000	-1.01507537688442	pred.prob	1	50
#FF0000	-0.994974874371859	pred.prob	1	51
#FF0000	-0.974874371859296	pred.prob	1	52
#FF0000	-0.954773869346734	pred.prob	1	53
#FF0000	-0.934673366834171	pred.prob	1	54
#FF0000	-0.914572864321608	pred.prob	1	55
#FF0000	-0.894472361809045	pred.prob	1	56
#FF0000	-0.874371859296482	pred.prob	1	57
#FF0000	-0.85427135678392	pred.prob	1	58
#FF0000	-0.834170854271357	pred.prob	1	59
#FF0000	-0.814070351758794	pred.prob	1	60
#FF0000	-0.793969849246231	pred.prob	1	61
#FF0000	-0.773869346733668	pred.prob	1	62
#FF0000	-0.753768844221105	pred.prob	1	63
#FF0000	-0.733668341708543	pred.prob	1	64
#FF0000	-0.71356783919598	pred.prob	1	65
#FF0000	-0.693467336683417	pred.prob	1	66
#FF0000	-0.673366834170854	pred.prob	1	67
#FF0000	-0.653266331658291	pred.prob	1	68
#FF0000	-0.633165829145729	pred.prob	1	69
#FF0000	-0.613065326633166	pred.prob	1	70
#FF0000	-0.592964824120603	pred.prob	1	71
#FF0000	-0.57286432160804	pred.prob	1	72
#FF0000	-0.552763819095477	pred.prob	1	73
#FF0000	-0.532663316582915	pred.prob	1	74
#FF0000	-0.512562814070352	pred.prob	1	75
#FF0000	-0.492462311557789	pred.prob	1	76
#FF0000	-0.472361809045226	pred.prob	1	77
#FF0000	-0.452261306532663	pred.prob	1	78
#FF0000	-0.4321608040201	pred.prob	1	79
#FF0000	-0.412060301507538	pred.prob	1	80
#FF0000	-0.391959798994975	pred.prob	1	81
#FF0000	-0.371859296482412	pred.prob	1	82
#FF0000	-0.351758793969849	pred.prob	1	83
#FF0000	-0.331658291457286	pred.prob	1	84
#FF0000	-0.311557788944724	pred.prob	1	85
#FF0000	-0.291457286432161	pred.prob	1	86
#FF0000	-0.271356783919598	pred.prob	1	87
#FF0000	-0.251256281407035	pred.prob	1	88
#FF0000	-0.231155778894472	pred.prob	1	89
#FF0000	-0.21105527638191	pred.prob	1	90
#FF0000	-0.190954773869347	pred.prob	1	91
#FF0000	-0.170854271356784	pred.prob	1	92
#FF0000	-0.150753768844221	pred.prob	1	93
#FF0000	-0.130653266331658	pred.prob	1	94
#FF0000	-0.110552763819096	pred.prob	1	95
#FF0000	-0.0904522613065326	pred.prob	1	96
#FF0000	-0.0703517587939699	pred.prob	1	97
#FF0000	-0.050251256281407	pred.prob	1	98
#FF0000	-0.0301507537688441	pred.prob	1	99
#FF0000	-0.0100502512562815	pred.prob	1	100
#FF0000	0.0100502512562812	pred.prob	1	101
#FF0000	0.0301507537688441	pred.prob	1	102
#FF0000	0.050251256281407	pred.prob	1	103
#FF0000	0.0703517587939699	pred.prob	1	104
#FF0000	0.0904522613065328	pred.prob	1	105
#FF0000	0.110552763819095	pred.prob	1	106
#FF0000	0.130653266331658	pred.prob	1	107
#FF0000	0.150753768844221	pred.prob	1	108
#FF0000	0.170854271356784	pred.prob	1	109
#FF0000	0.190954773869347	pred.prob	1	110
#FF0000	0.21105527638191	pred.prob	1	111
#FF0000	0.231155778894472	pred.prob	1	112
#FF0000	0.251256281407035	pred.prob	1	113
#FF0000	0.271356783919598	pred.prob	1	114
#FF0000	0.291457286432161	pred.prob	1	115
#FF0000	0.311557788944724	pred.prob	1	116
#FF0000	0.331658291457286	pred.prob	1	117
#FF0000	0.351758793969849	pred.prob	1	118
#FF0000	0.371859296482412	pred.prob	1	119
#FF0000	0.391959798994975	pred.prob	1	120
#FF0000	0.412060301507538	pred.prob	1	121
#FF0000	0.4321608040201	pred.prob	1	122
#FF0000	0.452261306532663	pred.prob	1	123
#FF0000	0.472361809045226	pred.prob	1	124
#FF0000	0.492462311557789	pred.prob	1	125
#FF0000	0.512562814070352	pred.prob	1	126
#FF0000	0.532663316582914	pred.prob	1	127
#FF0000	0.552763819095477	pred.prob	1	128
#FF0000	0.57286432160804	pred.prob	1	129
#FF0000	0.592964824120603	pred.prob	1	130
#FF0000	0.613065326633166	pred.prob	1	131
#FF0000	0.633165829145728	pred.prob	1	132
#FF0000	0.653266331658291	pred.prob	1	133
#FF0000	0.673366834170854	pred.prob	1	134
#FF0000	0.693467336683417	pred.prob	1	135
#FF0000	0.71356783919598	pred.prob	1	136
#FF0000	0.733668341708543	pred.prob	1	137
#FF0000	0.753768844221105	pred.prob	1	138
#FF0000	0.773869346733668	pred.prob	1	139
#FF0000	0.793969849246231	pred.prob	1	140
#FF0000	0.814070351758794	pred.prob	1	141
#FF0000	0.834170854271357	pred.prob	1	142
#FF0000	0.85427135678392	pred.prob	1	143
#FF0000	0.874371859296482	pred.prob	1	144
#FF0000	0.894472361809045	pred.prob	1	145
#FF0000	0.914572864321608	pred.prob	1	146
#FF0000	0.934673366834171	pred.prob	1	147
#FF0000	0.954773869346734	pred.prob	1	148
#FF0000	0.974874371859296	pred.prob	1	149
#FF0000	0.994974874371859	pred.prob	1	150
#FF0000	1.01507537688442	pred.prob	1	151
#FF0000	1.03517587939699	pred.prob	1	152
#FF0000	1.05527638190955	pred.prob	1	153
#FF0000	1.07537688442211	pred.prob	1	154
#FF0000	1.09547738693467	pred.prob	1	155
#FF0000	1.11557788944724	pred.prob	1	156
#FF0000	1.1356783919598	pred.prob	1	157
#FF0000	1.15577889447236	pred.prob	1	158
#FF0000	1.17587939698492	pred.prob	1	159
#FF0000	1.19597989949749	pred.prob	1	160
#FF0000	1.21608040201005	pred.prob	1	161
#FF0000	1.23618090452261	pred.prob	1	162
#FF0000	1.25628140703518	pred.prob	1	163
#FF0000	1.27638190954774	pred.prob	1	164
#FF0000	1.2964824120603	pred.prob	1	165
#FF0000	1.31658291457286	pred.prob	1	166
#FF0000	1.33668341708543	pred.prob	1	167
#FF0000	1.35678391959799	pred.prob	1	168
#FF0000	1.37688442211055	pred.prob	1	169
#FF0000	1.39698492462312	pred.prob	1	170
#FF0000	1.41708542713568	pred.prob	1	171
#FF0000	1.43718592964824	pred.prob	1	172
#FF0000	1.4572864321608	pred.prob	1	173
#FF0000	1.47738693467337	pred.prob	1	174
#FF0000	1.49748743718593	pred.prob	1	175
#FF0000	1.51758793969849	pred.prob	1	176
#FF0000	1.53768844221106	pred.prob	1	177
#FF0000	1.55778894472362	pred.prob	1	178
#FF0000	1.57788944723618	pred.prob	1	179
#FF0000	1.59798994974874	pred.prob	1	180
#FF0000	1.61809045226131	pred.prob	1	181
#FF0000	1.63819095477387	pred.prob	1	182
#FF0000	1.65829145728643	pred.prob	1	183
#FF0000	1.67839195979899	pred.prob	1	184
#FF0000	1.69849246231156	pred.prob	1	185
#FF0000	1.71859296482412	pred.prob	1	186
#FF0000	1.73869346733668	pred.prob	1	187
#FF0000	1.75879396984925	pred.prob	1	188
#FF0000	1.77889447236181	pred.prob	1	189
#FF0000	1.79899497487437	pred.prob	1	190
#FF0000	1.81909547738693	pred.prob	1	191
#FF0000	1.8391959798995	pred.prob	1	192
#FF0000	1.85929648241206	pred.prob	1	193
#FF0000	1.87939698492462	pred.prob	1	194
#FF0000	1.89949748743719	pred.prob	1	195
#FF0000	1.91959798994975	pred.prob	1	196
#FF0000	1.93969849246231	pred.prob	1	197
#FF0000	1.95979899497487	pred.prob	1	198
#FF0000	1.97989949748744	pred.prob	1	199
#FF0000	2	pred.prob	1	200
#FF0000	-2	pred.prob	2	201
#FF0000	-1.97989949748744	pred.prob	2	202
#FF0000	-1.95979899497487	pred.prob	2	203
#FF0000	-1.93969849246231	pred.prob	2	204
#FF0000	-1.91959798994975	pred.prob	2	205
#FF0000	-1.89949748743719	pred.prob	2	206
#FF0000	-1.87939698492462	pred.prob	2	207
#FF0000	-1.85929648241206	pred.prob	2	208
#FF0000	-1.8391959798995	pred.prob	2	209
#FF0000	-1.81909547738693	pred.prob	2	210
#FF0000	-1.79899497487437	pred.prob	2	211
#FF0000	-1.77889447236181	pred.prob	2	212
#FF0000	-1.75879396984925	pred.prob	2	213
#FF0000	-1.73869346733668	pred.prob	2	214
#FF0000	-1.71859296482412	pred.prob	2	215
#FF0000	-1.69849246231156	pred.prob	2	216
#FF0000	-1.67839195979899	pred.prob	2	217
#FF0000	-1.65829145728643	pred.prob	2	218
#FF0000	-1.63819095477387	pred.prob	2	219
#FF0000	-1.61809045226131	pred.prob	2	220
#FF0000	-1.59798994974874	pred.prob	2	221
#FF0000	-1.57788944723618	pred.prob	2	222
#FF0000	-1.55778894472362	pred.prob	2	223
#FF0000	-1.53768844221106	pred.prob	2	224
#FF0000	-1.51758793969849	pred.prob	2	225
#FF0000	-1.49748743718593	pred.prob	2	226
#FF0000	-1.47738693467337	pred.prob	2	227
#FF0000	-1.4572864321608	pred.prob	2	228
#FF0000	-1.43718592964824	pred.prob	2	229
#FF0000	-1.41708542713568	pred.prob	2	230
#FF0000	-1.39698492462312	pred.prob	2	231
#FF0000	-1.37688442211055	pred.prob	2	232
#FF0000	-1.35678391959799	pred.prob	2	233
#FF0000	-1.33668341708543	pred.prob	2	234
#FF0000	-1.31658291457286	pred.prob	2	235
#FF0000	-1.2964824120603	pred.prob	2	236
#FF0000	-1.27638190954774	pred.prob	2	237
#FF0000	-1.25628140703518	pred.prob	2	238
#FF0000	-1.23618090452261	pred.prob	2	239
#FF0000	-1.21608040201005	pred.prob	2	240
#FF0000	-1.19597989949749	pred.prob	2	241
#FF0000	-1.17587939698492	pred.prob	2	242
#FF0000	-1.15577889447236	pred.prob	2	243
#FF0000	-1.1356783919598	pred.prob	2	244
#FF0000	-1.11557788944724	pred.prob	2	245
#FF0000	-1.09547738693467	pred.prob	2	246
#FF0000	-1.07537688442211	pred.prob	2	247
#FF0000	-1.05527638190955	pred.prob	2	248
#FF0000	-1.03517587939698	pred.prob	2	249
#FF0000	-1.01507537688442	pred.prob	2	250
#FF0000	-0.994974874371859	pred.prob	2	251
#FF0000	-0.974874371859296	pred.prob	2	252
#FF0000	-0.954773869346734	pred.prob	2	253
#FF0000	-0.934673366834171	pred.prob	2	254
#FF0000	-0.914572864321608	pred.prob	2	255
#FF0000	-0.894472361809045	pred.prob	2	256
#FF0000	-0.874371859296482	pred.prob	2	257
#FF0000	-0.85427135678392	pred.prob	2	258
#FF0000	-0.834170854271357	pred.prob	2	259
#FF0000	-0.814070351758794	pred.prob	2	260
#FF0000	-0.793969849246231	pred.prob	2	261
#FF0000	-0.773869346733668	pred.prob	2	262
#FF0000	-0.753768844221105	pred.prob	2	263
#FF0000	-0.733668341708543	pred.prob	2	264
#FF0000	-0.71356783919598	pred.prob	2	265
#FF0000	-0.693467336683417	pred.prob	2	266
#FF0000	-0.673366834170854	pred.prob	2	267
#FF0000	-0.653266331658291	pred.prob	2	268
#FF0000	-0.633165829145729	pred.prob	2	269
#FF0000	-0.613065326633166	pred.prob	2	270
#FF0000	-0.592964824120603	pred.prob	2	271
#FF0000	-0.57286432160804	pred.prob	2	272
#FF0000	-0.552763819095477	pred.prob	2	273
#FF0000	-0.532663316582915	pred.prob	2	274
#FF0000	-0.512562814070352	pred.prob	2	275
#FF0000	-0.492462311557789	pred.prob	2	276
#FF0000	-0.472361809045226	pred.prob	2	277
#FF0000	-0.452261306532663	pred.prob	2	278
#FF0000	-0.4321608040201	pred.prob	2	279
#FF0000	-0.412060301507538	pred.prob	2	280
#FF0000	-0.391959798994975	pred.prob	2	281
#FF0000	-0.371859296482412	pred.prob	2	282
#FF0000	-0.351758793969849	pred.prob	2	283
#FF0000	-0.331658291457286	pred.prob	2	284
#FF0000	-0.311557788944724	pred.prob	2	285
#FF0000	-0.291457286432161	pred.prob	2	286
#FF0000	-0.271356783919598	pred.prob	2	287
#FF0000	-0.251256281407035	pred.prob	2	288
#FF0000	-0.231155778894472	pred.prob	2	289
#FF0000	-0.21105527638191	pred.prob	2	290
#FF0000	-0.190954773869347	pred.prob	2	291
#FF0000	-0.170854271356784	pred.prob	2	292
#FF0000	-0.150753768844221	pred.prob	2	293
#FF0000	-0.130653266331658	pred.prob	2	294
#FF0000	-0.110552763819096	pred.prob	2	295
#FF0000	-0.0904522613065326	pred.prob	2	296
#FF0000	-0.0703517587939699	pred.prob	2	297
#FF0000	-0.050251256281407	pred.prob	2	298
#FF0000	-0.0301507537688441	pred.prob	2	299
#FF0000	-0.0100502512562815	pred.prob	2	300
#FF0000	0.0100502512562812	pred.prob	2	301
#FF0000	0.0301507537688441	pred.prob	2	302
#FF0000	0.050251256281407	pred.prob	2	303
#FF0000	0.0703517587939699	pred.prob	2	304
#FF0000	0.0904522613065328	pred.prob	2	305
#FF0000	0.110552763819095	pred.prob	2	306
#FF0000	0.130653266331658	pred.prob	2	307
#FF0000	0.150753768844221	pred.prob	2	308
#FF0000	0.170854271356784	pred.prob	2	309
#FF0000	0.190954773869347	pred.prob	2	310
#FF0000	0.21105527638191	pred.prob	2	311
#FF0000	0.231155778894472	pred.prob	2	312
#FF0000	0.251256281407035	pred.prob	2	313
#FF0000	0.271356783919598	pred.prob	2	314
#FF0000	0.291457286432161	pred.prob	2	315
#FF0000	0.311557788944724	pred.prob	2	316
#FF0000	0.331658291457286	pred.prob	2	317
#FF0000	0.351758793969849	pred.prob	2	318
#FF0000	0.371859296482412	pred.prob	2	319
#FF0000	0.391959798994975	pred.prob	2	320
#FF0000	0.412060301507538	pred.prob	2	321
#FF0000	0.4321608040201	pred.prob	2	322
#FF0000	0.452261306532663	pred.prob	2	323
#FF0000	0.472361809045226	pred.prob	2	324
#FF0000	0.492462311557789	pred.prob	2	325
#FF0000	0.512562814070352	pred.prob	2	326
#FF0000	0.532663316582914	pred.prob	2	327
#FF0000	0.552763819095477	pred.prob	2	328
#FF0000	0.57286432160804	pred.prob	2	329
#FF0000	0.592964824120603	pred.prob	2	330
#FF0000	0.613065326633166	pred.prob	2	331
#FF0000	0.633165829145728	pred.prob	2	332
#FF0000	0.653266331658291	pred.prob	2	333
#FF0000	0.673366834170854	pred.prob	2	334
#FF0000	0.693467336683417	pred.prob	2	335
#FF0000	0.71356783919598	pred.prob	2	336
#FF0000	0.733668341708543	pred.prob	2	337
#FF0000	0.753768844221105	pred.prob	2	338
#FF0000	0.773869346733668	pred.prob	2	339
#FF0000	0.793969849246231	pred.prob	2	340
#FF0000	0.814070351758794	pred.prob	2	341
#FF0000	0.834170854271357	pred.prob	2	342
#FF0000	0.85427135678392	pred.prob	2	343
#FF0000	0.874371859296482	pred.prob	2	344
#FF0000	0.894472361809045	pred.prob	2	345
#FF0000	0.914572864321608	pred.prob	2	346
#FF0000	0.934673366834171	pred.prob	2	347
#FF0000	0.954773869346734	pred.prob	2	348
#FF0000	0.974874371859296	pred.prob	2	349
#FF0000	0.994974874371859	pred.prob	2	350
#FF0000	1.01507537688442	pred.prob	2	351
#FF0000	1.03517587939699	pred.prob	2	352
#FF0000	1.05527638190955	pred.prob	2	353
#FF0000	1.07537688442211	pred.prob	2	354
#FF0000	1.09547738693467	pred.prob	2	355
#FF0000	1.11557788944724	pred.prob	2	356
#FF0000	1.1356783919598	pred.prob	2	357
#FF0000	1.15577889447236	pred.prob	2	358
#FF0000	1.17587939698492	pred.prob	2	359
#FF0000	1.19597989949749	pred.prob	2	360
#FF0000	1.21608040201005	pred.prob	2	361
#FF0000	1.23618090452261	pred.prob	2	362
#FF0000	1.25628140703518	pred.prob	2	363
#FF0000	1.27638190954774	pred.prob	2	364
#FF0000	1.2964824120603	pred.prob	2	365
#FF0000	1.31658291457286	pred.prob	2	366
#FF0000	1.33668341708543	pred.prob	2	367
#FF0000	1.35678391959799	pred.prob	2	368
#FF0000	1.37688442211055	pred.prob	2	369
#FF0000	1.39698492462312	pred.prob	2	370
#FF0000	1.41708542713568	pred.prob	2	371
#FF0000	1.43718592964824	pred.prob	2	372
#FF0000	1.4572864321608	pred.prob	2	373
#FF0000	1.47738693467337	pred.prob	2	374
#FF0000	1.49748743718593	pred.prob	2	375
#FF0000	1.51758793969849	pred.prob	2	376
#FF0000	1.53768844221106	pred.prob	2	377
#FF0000	1.55778894472362	pred.prob	2	378
#FF0000	1.57788944723618	pred.prob	2	379
#FF0000	1.59798994974874	pred.prob	2	380
#FF0000	1.61809045226131	pred.prob	2	381
#FF0000	1.63819095477387	pred.prob	2	382
#FF0000	1.65829145728643	pred.prob	2	383
#FF0000	1.67839195979899	pred.prob	2	384
#FF0000	1.69849246231156	pred.prob	2	385
#FF0000	1.71859296482412	pred.prob	2	386
#FF0000	1.73869346733668	pred.prob	2	387
#FF0000	1.75879396984925	pred.prob	2	388
#FF0000	1.77889447236181	pred.prob	2	389
#FF0000	1.79899497487437	pred.prob	2	390
#FF0000	1.81909547738693	pred.prob	2	391
#FF0000	1.8391959798995	pred.prob	2	392
#FF0000	1.85929648241206	pred.prob	2	393
#FF0000	1.87939698492462	pred.prob	2	394
#FF0000	1.89949748743719	pred.prob	2	395
#FF0000	1.91959798994975	pred.prob	2	396
#FF0000	1.93969849246231	pred.prob	2	397
#FF0000	1.95979899497487	pred.prob	2	398
#FF0000	1.97989949748744	pred.prob	2	399
#FF0000	2	pred.prob	2	400
#FF0000	-2	pred.prob	3	401
#FF0000	-1.97989949748744	pred.prob	3	402
#FF0000	-1.95979899497487	pred.prob	3	403
#FF0000	-1.93969849246231	pred.prob	3	404
#FF0000	-1.91959798994975	pred.prob	3	405
#FF0000	-1.89949748743719	pred.prob	3	406
#FF0000	-1.87939698492462	pred.prob	3	407
#FF0000	-1.85929648241206	pred.prob	3	408
#FF0000	-1.8391959798995	pred.prob	3	409
#FF0000	-1.81909547738693	pred.prob	3	410
#FF0000	-1.79899497487437	pred.prob	3	411
#FF0000	-1.77889447236181	pred.prob	3	412
#FF0000	-1.75879396984925	pred.prob	3	413
#FF0000	-1.73869346733668	pred.prob	3	414
#FF0000	-1.71859296482412	pred.prob	3	415
#FF0000	-1.69849246231156	pred.prob	3	416
#FF0000	-1.67839195979899	pred.prob	3	417
#FF0000	-1.65829145728643	pred.prob	3	418
#FF0000	-1.63819095477387	pred.prob	3	419
#FF0000	-1.61809045226131	pred.prob	3	420
#FF0000	-1.59798994974874	pred.prob	3	421
#FF0000	-1.57788944723618	pred.prob	3	422
#FF0000	-1.55778894472362	pred.prob	3	423
#FF0000	-1.53768844221106	pred.prob	3	424
#FF0000	-1.51758793969849	pred.prob	3	425
#FF0000	-1.49748743718593	pred.prob	3	426
#FF0000	-1.47738693467337	pred.prob	3	427
#FF0000	-1.4572864321608	pred.prob	3	428
#FF0000	-1.43718592964824	pred.prob	3	429
#FF0000	-1.41708542713568	pred.prob	3	430
#FF0000	-1.39698492462312	pred.prob	3	431
#FF0000	-1.37688442211055	pred.prob	3	432
#FF0000	-1.35678391959799	pred.prob	3	433
#FF0000	-1.33668341708543	pred.prob	3	434
#FF0000	-1.31658291457286	pred.prob	3	435
#FF0000	-1.2964824120603	pred.prob	3	436
#FF0000	-1.27638190954774	pred.prob	3	437
#FF0000	-1.25628140703518	pred.prob	3	438
#FF0000	-1.23618090452261	pred.prob	3	439
#FF0000	-1.21608040201005	pred.prob	3	440
#FF0000	-1.19597989949749	pred.prob	3	441
#FF0000	-1.17587939698492	pred.prob	3	442
#FF0000	-1.15577889447236	pred.prob	3	443
#FF0000	-1.1356783919598	pred.prob	3	444
#FF0000	-1.11557788944724	pred.prob	3	445
#FF0000	-1.09547738693467	pred.prob	3	446
#FF0000	-1.07537688442211	pred.prob	3	447
#FF0000	-1.05527638190955	pred.prob	3	448
#FF0000	-1.03517587939698	pred.prob	3	449
#FF0000	-1.01507537688442	pred.prob	3	450
#FF0000	-0.994974874371859	pred.prob	3	451
#FF0000	-0.974874371859296	pred.prob	3	452
#FF0000	-0.954773869346734	pred.prob	3	453
#FF0000	-0.934673366834171	pred.prob	3	454
#FF0000	-0.914572864321608	pred.prob	3	455
#FF0000	-0.894472361809045	pred.prob	3	456
#FF0000	-0.874371859296482	pred.prob	3	457
#FF0000	-0.85427135678392	pred.prob	3	458
#FF0000	-0.834170854271357	pred.prob	3	459
#FF0000	-0.814070351758794	pred.prob	3	460
#FF0000	-0.793969849246231	pred.prob	3	461
#FF0000	-0.773869346733668	pred.prob	3	462
#FF0000	-0.753768844221105	pred.prob	3	463
#FF0000	-0.733668341708543	pred.prob	3	464
#FF0000	-0.71356783919598	pred.prob	3	465
#FF0000	-0.693467336683417	pred.prob	3	466
#FF0000	-0.673366834170854	pred.prob	3	467
#FF0000	-0.653266331658291	pred.prob	3	468
#FF0000	-0.633165829145729	pred.prob	3	469
#FF0000	-0.613065326633166	pred.prob	3	470
#FF0000	-0.592964824120603	pred.prob	3	471
#FF0000	-0.57286432160804	pred.prob	3	472
#FF0000	-0.552763819095477	pred.prob	3	473
#FF0000	-0.532663316582915	pred.prob	3	474
#FF0000	-0.512562814070352	pred.prob	3	475
#FF0000	-0.492462311557789	pred.prob	3	476
#FF0000	-0.472361809045226	pred.prob	3	477
#FF0000	-0.452261306532663	pred.prob	3	478
#FF0000	-0.4321608040201	pred.prob	3	479
#FF0000	-0.412060301507538	pred.prob	3	480
#FF0000	-0.391959798994975	pred.prob	3	481
#FF0000	-0.371859296482412	pred.prob	3	482
#FF0000	-0.351758793969849	pred.prob	3	483
#FF0000	-0.331658291457286	pred.prob	3	484
#FF0000	-0.311557788944724	pred.prob	3	485
#FF0000	-0.291457286432161	pred.prob	3	486
#FF0000	-0.271356783919598	pred.prob	3	487
#FF0000	-0.251256281407035	pred.prob	3	488
#FF0000	-0.231155778894472	pred.prob	3	489
#FF0000	-0.21105527638191	pred.prob	3	490
#FF0000	-0.190954773869347	pred.prob	3	491
#FF0000	-0.170854271356784	pred.prob	3	492
#FF0000	-0.150753768844221	pred.prob	3	493
#FF0000	-0.130653266331658	pred.prob	3	494
#FF0000	-0.110552763819096	pred.prob	3	495
#FF0000	-0.0904522613065326	pred.prob	3	496
#FF0000	-0.0703517587939699	pred.prob	3	497
#FF0000	-0.050251256281407	pred.prob	3	498
#FF0000	-0.0301507537688441	pred.prob	3	499
#FF0000	-0.0100502512562815	pred.prob	3	500
#FF0000	0.0100502512562812	pred.prob	3	501
#FF0000	0.0301507537688441	pred.prob	3	502
#FF0000	0.050251256281407	pred.prob	3	503
#FF0000	0.0703517587939699	pred.prob	3	504
#FF0000	0.0904522613065328	pred.prob	3	505
#FF0000	0.110552763819095	pred.prob	3	506
#FF0000	0.130653266331658	pred.prob	3	507
#FF0000	0.150753768844221	pred.prob	3	508
#FF0000	0.170854271356784	pred.prob	3	509
#FF0000	0.190954773869347	pred.prob	3	510
#FF0000	0.21105527638191	pred.prob	3	511
#FF0000	0.231155778894472	pred.prob	3	512
#FF0000	0.251256281407035	pred.prob	3	513
#FF0000	0.271356783919598	pred.prob	3	514
#FF0000	0.291457286432161	pred.prob	3	515
#FF0000	0.311557788944724	pred.prob	3	516
#FF0000	0.331658291457286	pred.prob	3	517
#FF0000	0.351758793969849	pred.prob	3	518
#FF0000	0.371859296482412	pred.prob	3	519
#FF0000	0.391959798994975	pred.prob	3	520
#FF0000	0.412060301507538	pred.prob	3	521
#FF0000	0.4321608040201	pred.prob	3	522
#FF0000	0.452261306532663	pred.prob	3	523
#FF0000	0.472361809045226	pred.prob	3	524
#FF0000	0.492462311557789	pred.prob	3	525
#FF0000	0.512562814070352	pred.prob	3	526
#FF0000	0.532663316582914	pred.prob	3	527
#FF0000	0.552763819095477	pred.prob	3	528
#FF0000	0.57286432160804	pred.prob	3	529
#FF0000	0.592964824120603	pred.prob	3	530
#FF0000	0.613065326633166	pred.prob	3	531
#FF0000	0.633165829145728	pred.prob	3	532
#FF0000	0.653266331658291	pred.prob	3	533
#FF0000	0.673366834170854	pred.prob	3	534
#FF0000	0.693467336683417	pred.prob	3	535
#FF0000	0.71356783919598	pred.prob	3	536
#FF0000	0.733668341708543	pred.prob	3	537
#FF0000	0.753768844221105	pred.prob	3	538
#FF0000	0.773869346733668	pred.prob	3	539
#FF0000	0.793969849246231	pred.prob	3	540
#FF0000	0.814070351758794	pred.prob	3	541
#FF0000	0.834170854271357	pred.prob	3	542
#FF0000	0.85427135678392	pred.prob	3	543
#FF0000	0.874371859296482	pred.prob	3	544
#FF0000	0.894472361809045	pred.prob	3	545
#FF0000	0.914572864321608	pred.prob	3	546
#FF0000	0.934673366834171	pred.prob	3	547
#FF0000	0.954773869346734	pred.prob	3	548
#FF0000	0.974874371859296	pred.prob	3	549
#FF0000	0.994974874371859	pred.prob	3	550
#FF0000	1.01507537688442	pred.prob	3	551
#FF0000	1.03517587939699	pred.prob	3	552
#FF0000	1.05527638190955	pred.prob	3	553
#FF0000	1.07537688442211	pred.prob	3	554
#FF0000	1.09547738693467	pred.prob	3	555
#FF0000	1.11557788944724	pred.prob	3	556
#FF0000	1.1356783919598	pred.prob	3	557
#FF0000	1.15577889447236	pred.prob	3	558
#FF0000	1.17587939698492	pred.prob	3	559
#FF0000	1.19597989949749	pred.prob	3	560
#FF0000	1.21608040201005	pred.prob	3	561
#FF0000	1.23618090452261	pred.prob	3	562
#FF0000	1.25628140703518	pred.prob	3	563
#FF0000	1.27638190954774	pred.prob	3	564
#FF0000	1.2964824120603	pred.prob	3	565
#FF0000	1.31658291457286	pred.prob	3	566
#FF0000	1.33668341708543	pred.prob	3	567
#FF0000	1.35678391959799	pred.prob	3	568
#FF0000	1.37688442211055	pred.prob	3	569
#FF0000	1.39698492462312	pred.prob	3	570
#FF0000	1.41708542713568	pred.prob	3	571
#FF0000	1.43718592964824	pred.prob	3	572
#FF0000	1.4572864321608	pred.prob	3	573
#FF0000	1.47738693467337	pred.prob	3	574
#FF0000	1.49748743718593	pred.prob	3	575
#FF0000	1.51758793969849	pred.prob	3	576
#FF0000	1.53768844221106	pred.prob	3	577
#FF0000	1.55778894472362	pred.prob	3	578
#FF0000	1.57788944723618	pred.prob	3	579
#FF0000	1.59798994974874	pred.prob	3	580
#FF0000	1.61809045226131	pred.prob	3	581
#FF0000	1.63819095477387	pred.prob	3	582
#FF0000	1.65829145728643	pred.prob	3	583
#FF0000	1.67839195979899	pred.prob	3	584
#FF0000	1.69849246231156	pred.prob	3	585
#FF0000	1.71859296482412	pred.prob	3	586
#FF0000	1.73869346733668	pred.prob	3	587
#FF0000	1.75879396984925	pred.prob	3	588
#FF0000	1.77889447236181	pred.prob	3	589
#FF0000	1.79899497487437	pred.prob	3	590
#FF0000	1.81909547738693	pred.prob	3	591
#FF0000	1.8391959798995	pred.prob	3	592
#FF0000	1.85929648241206	pred.prob	3	593
#FF0000	1.87939698492462	pred.prob	3	594
#FF0000	1.89949748743719	pred.prob	3	595
#FF0000	1.91959798994975	pred.prob	3	596
#FF0000	1.93969849246231	pred.prob	3	597
#FF0000	1.95979899497487	pred.prob	3	598
#FF0000	1.97989949748744	pred.prob	3	599
#FF0000	2	pred.prob	3	600
#FF0000	-2	pred.prob	4	601
#FF0000	-1.97989949748744	pred.prob	4	602
#FF0000	-1.95979899497487	pred.prob	4	603
#FF0000	-1.93969849246231	pred.prob	4	604
#FF0000	-1.91959798994975	pred.prob	4	605
#FF0000	-1.89949748743719	pred.prob	4	606
#FF0000	-1.87939698492462	pred.prob	4	607
#FF0000	-1.85929648241206	pred.prob	4	608
#FF0000	-1.8391959798995	pred.prob	4	609
#FF0000	-1.81909547738693	pred.prob	4	610
#FF0000	-1.79899497487437	pred.prob	4	611
#FF0000	-1.77889447236181	pred.prob	4	612
#FF0000	-1.75879396984925	pred.prob	4	613
#FF0000	-1.73869346733668	pred.prob	4	614
#FF0000	-1.71859296482412	pred.prob	4	615
#FF0000	-1.69849246231156	pred.prob	4	616
#FF0000	-1.67839195979899	pred.prob	4	617
#FF0000	-1.65829145728643	pred.prob	4	618
#FF0000	-1.63819095477387	pred.prob	4	619
#FF0000	-1.61809045226131	pred.prob	4	620
#FF0000	-1.59798994974874	pred.prob	4	621
#FF0000	-1.57788944723618	pred.prob	4	622
#FF0000	-1.55778894472362	pred.prob	4	623
#FF0000	-1.53768844221106	pred.prob	4	624
#FF0000	-1.51758793969849	pred.prob	4	625
#FF0000	-1.49748743718593	pred.prob	4	626
#FF0000	-1.47738693467337	pred.prob	4	627
#FF0000	-1.4572864321608	pred.prob	4	628
#FF0000	-1.43718592964824	pred.prob	4	629
#FF0000	-1.41708542713568	pred.prob	4	630
#FF0000	-1.39698492462312	pred.prob	4	631
#FF0000	-1.37688442211055	pred.prob	4	632
#FF0000	-1.35678391959799	pred.prob	4	633
#FF0000	-1.33668341708543	pred.prob	4	634
#FF0000	-1.31658291457286	pred.prob	4	635
#FF0000	-1.2964824120603	pred.prob	4	636
#FF0000	-1.27638190954774	pred.prob	4	637
#FF0000	-1.25628140703518	pred.prob	4	638
#FF0000	-1.23618090452261	pred.prob	4	639
#FF0000	-1.21608040201005	pred.prob	4	640
#FF0000	-1.19597989949749	pred.prob	4	641
#FF0000	-1.17587939698492	pred.prob	4	642
#FF0000	-1.15577889447236	pred.prob	4	643
#FF0000	-1.1356783919598	pred.prob	4	644
#FF0000	-1.11557788944724	pred.prob	4	645
#FF0000	-1.09547738693467	pred.prob	4	646
#FF0000	-1.07537688442211	pred.prob	4	647
#FF0000	-1.05527638190955	pred.prob	4	648
#FF0000	-1.03517587939698	pred.prob	4	649
#FF0000	-1.01507537688442	pred.prob	4	650
#FF0000	-0.994974874371859	pred.prob	4	651
#FF0000	-0.974874371859296	pred.prob	4	652
#FF0000	-0.954773869346734	pred.prob	4	653
#FF0000	-0.934673366834171	pred.prob	4	654
#FF0000	-0.914572864321608	pred.prob	4	655
#FF0000	-0.894472361809045	pred.prob	4	656
#FF0000	-0.874371859296482	pred.prob	4	657
#FF0000	-0.85427135678392	pred.prob	4	658
#FF0000	-0.834170854271357	pred.prob	4	659
#FF0000	-0.814070351758794	pred.prob	4	660
#FF0000	-0.793969849246231	pred.prob	4	661
#FF0000	-0.773869346733668	pred.prob	4	662
#FF0000	-0.753768844221105	pred.prob	4	663
#FF0000	-0.733668341708543	pred.prob	4	664
#FF0000	-0.71356783919598	pred.prob	4	665
#FF0000	-0.693467336683417	pred.prob	4	666
#FF0000	-0.673366834170854	pred.prob	4	667
#FF0000	-0.653266331658291	pred.prob	4	668
#FF0000	-0.633165829145729	pred.prob	4	669
#FF0000	-0.613065326633166	pred.prob	4	670
#FF0000	-0.592964824120603	pred.prob	4	671
#FF0000	-0.57286432160804	pred.prob	4	672
#FF0000	-0.552763819095477	pred.prob	4	673
#FF0000	-0.532663316582915	pred.prob	4	674
#FF0000	-0.512562814070352	pred.prob	4	675
#FF0000	-0.492462311557789	pred.prob	4	676
#FF0000	-0.472361809045226	pred.prob	4	677
#FF0000	-0.452261306532663	pred.prob	4	678
#FF0000	-0.4321608040201	pred.prob	4	679
#FF0000	-0.412060301507538	pred.prob	4	680
#FF0000	-0.391959798994975	pred.prob	4	681
#FF0000	-0.371859296482412	pred.prob	4	682
#FF0000	-0.351758793969849	pred.prob	4	683
#FF0000	-0.331658291457286	pred.prob	4	684
#FF0000	-0.311557788944724	pred.prob	4	685
#FF0000	-0.291457286432161	pred.prob	4	686
#FF0000	-0.271356783919598	pred.prob	4	687
#FF0000	-0.251256281407035	pred.prob	4	688
#FF0000	-0.231155778894472	pred.prob	4	689
#FF0000	-0.21105527638191	pred.prob	4	690
#FF0000	-0.190954773869347	pred.prob	4	691
#FF0000	-0.170854271356784	pred.prob	4	692
#FF0000	-0.150753768844221	pred.prob	4	693
#FF0000	-0.130653266331658	pred.prob	4	694
#FF0000	-0.110552763819096	pred.prob	4	695
#FF0000	-0.0904522613065326	pred.prob	4	696
#FF0000	-0.0703517587939699	pred.prob	4	697
#FF0000	-0.050251256281407	pred.prob	4	698
#FF0000	-0.0301507537688441	pred.prob	4	699
#FF0000	-0.0100502512562815	pred.prob	4	700
#FF0000	0.0100502512562812	pred.prob	4	701
#FF0000	0.0301507537688441	pred.prob	4	702
#FF0000	0.050251256281407	pred.prob	4	703
#FF0000	0.0703517587939699	pred.prob	4	704
#FF0000	0.0904522613065328	pred.prob	4	705
#FF0000	0.110552763819095	pred.prob	4	706
#FF0000	0.130653266331658	pred.prob	4	707
#FF0000	0.150753768844221	pred.prob	4	708
#FF0000	0.170854271356784	pred.prob	4	709
#FF0000	0.190954773869347	pred.prob	4	710
#FF0000	0.21105527638191	pred.prob	4	711
#FF0000	0.231155778894472	pred.prob	4	712
#FF0000	0.251256281407035	pred.prob	4	713
#FF0000	0.271356783919598	pred.prob	4	714
#FF0000	0.291457286432161	pred.prob	4	715
#FF0000	0.311557788944724	pred.prob	4	716
#FF0000	0.331658291457286	pred.prob	4	717
#FF0000	0.351758793969849	pred.prob	4	718
#FF0000	0.371859296482412	pred.prob	4	719
#FF0000	0.391959798994975	pred.prob	4	720
#FF0000	0.412060301507538	pred.prob	4	721
#FF0000	0.4321608040201	pred.prob	4	722
#FF0000	0.452261306532663	pred.prob	4	723
#FF0000	0.472361809045226	pred.prob	4	724
#FF0000	0.492462311557789	pred.prob	4	725
#FF0000	0.512562814070352	pred.prob	4	726
#FF0000	0.532663316582914	pred.prob	4	727
#FF0000	0.552763819095477	pred.prob	4	728
#FF0000	0.57286432160804	pred.prob	4	729
#FF0000	0.592964824120603	pred.prob	4	730
#FF0000	0.613065326633166	pred.prob	4	731
#FF0000	0.633165829145728	pred.prob	4	732
#FF0000	0.653266331658291	pred.prob	4	733
#FF0000	0.673366834170854	pred.prob	4	734
#FF0000	0.693467336683417	pred.prob	4	735
#FF0000	0.71356783919598	pred.prob	4	736
#FF0000	0.733668341708543	pred.prob	4	737
#FF0000	0.753768844221105	pred.prob	4	738
#FF0000	0.773869346733668	pred.prob	4	739
#FF0000	0.793969849246231	pred.prob	4	740
#FF0000	0.814070351758794	pred.prob	4	741
#FF0000	0.834170854271357	pred.prob	4	742
#FF0000	0.85427135678392	pred.prob	4	743
#FF0000	0.874371859296482	pred.prob	4	744
#FF0000	0.894472361809045	pred.prob	4	745
#FF0000	0.914572864321608	pred.prob	4	746
#FF0000	0.934673366834171	pred.prob	4	747
#FF0000	0.954773869346734	pred.prob	4	748
#FF0000	0.974874371859296	pred.prob	4	749
#FF0000	0.994974874371859	pred.prob	4	750
#FF0000	1.01507537688442	pred.prob	4	751
#FF0000	1.03517587939699	pred.prob	4	752
#FF0000	1.05527638190955	pred.prob	4	753
#FF0000	1.07537688442211	pred.prob	4	754
#FF0000	1.09547738693467	pred.prob	4	755
#FF0000	1.11557788944724	pred.prob	4	756
#FF0000	1.1356783919598	pred.prob	4	757
#FF0000	1.15577889447236	pred.prob	4	758
#FF0000	1.17587939698492	pred.prob	4	759
#FF0000	1.19597989949749	pred.prob	4	760
#FF0000	1.21608040201005	pred.prob	4	761
#FF0000	1.23618090452261	pred.prob	4	762
#FF0000	1.25628140703518	pred.prob	4	763
#FF0000	1.27638190954774	pred.prob	4	764
#FF0000	1.2964824120603	pred.prob	4	765
#FF0000	1.31658291457286	pred.prob	4	766
#FF0000	1.33668341708543	pred.prob	4	767
#FF0000	1.35678391959799	pred.prob	4	768
#FF0000	1.37688442211055	pred.prob	4	769
#FF0000	1.39698492462312	pred.prob	4	770
#FF0000	1.41708542713568	pred.prob	4	771
#FF0000	1.43718592964824	pred.prob	4	772
#FF0000	1.4572864321608	pred.prob	4	773
#FF0000	1.47738693467337	pred.prob	4	774
#FF0000	1.49748743718593	pred.prob	4	775
#FF0000	1.51758793969849	pred.prob	4	776
#FF0000	1.53768844221106	pred.prob	4	777
#FF0000	1.55778894472362	pred.prob	4	778
#FF0000	1.57788944723618	pred.prob	4	779
#FF0000	1.59798994974874	pred.prob	4	780
#FF0000	1.61809045226131	pred.prob	4	781
#FF0000	1.63819095477387	pred.prob	4	782
#FF0000	1.65829145728643	pred.prob	4	783
#FF0000	1.67839195979899	pred.prob	4	784
#FF0000	1.69849246231156	pred.prob	4	785
#FF0000	1.71859296482412	pred.prob	4	786
#FF0000	1.73869346733668	pred.prob	4	787
#FF0000	1.75879396984925	pred.prob	4	788
#FF0000	1.77889447236181	pred.prob	4	789
#FF0000	1.79899497487437	pred.prob	4	790
#FF0000	1.81909547738693	pred.prob	4	791
#FF0000	1.8391959798995	pred.prob	4	792
#FF0000	1.85929648241206	pred.prob	4	793
#FF0000	1.87939698492462	pred.prob	4	794
#FF0000	1.89949748743719	pred.prob	4	795
#FF0000	1.91959798994975	pred.prob	4	796
#FF0000	1.93969849246231	pred.prob	4	797
#FF0000	1.95979899497487	pred.prob	4	798
#FF0000	1.97989949748744	pred.prob	4	799
#FF0000	2	pred.prob	4	800
#FF0000	-2	pred.prob	5	801
#FF0000	-1.97989949748744	pred.prob	5	802
#FF0000	-1.95979899497487	pred.prob	5	803
#FF0000	-1.93969849246231	pred.prob	5	804
#FF0000	-1.91959798994975	pred.prob	5	805
#FF0000	-1.89949748743719	pred.prob	5	806
#FF0000	-1.87939698492462	pred.prob	5	807
#FF0000	-1.85929648241206	pred.prob	5	808
#FF0000	-1.8391959798995	pred.prob	5	809
#FF0000	-1.81909547738693	pred.prob	5	810
#FF0000	-1.79899497487437	pred.prob	5	811
#FF0000	-1.77889447236181	pred.prob	5	812
#FF0000	-1.75879396984925	pred.prob	5	813
#FF0000	-1.73869346733668	pred.prob	5	814
#FF0000	-1.71859296482412	pred.prob	5	815
#FF0000	-1.69849246231156	pred.prob	5	816
#FF0000	-1.67839195979899	pred.prob	5	817
#FF0000	-1.65829145728643	pred.prob	5	818
#FF0000	-1.63819095477387	pred.prob	5	819
#FF0000	-1.61809045226131	pred.prob	5	820
#FF0000	-1.59798994974874	pred.prob	5	821
#FF0000	-1.57788944723618	pred.prob	5	822
#FF0000	-1.55778894472362	pred.prob	5	823
#FF0000	-1.53768844221106	pred.prob	5	824
#FF0000	-1.51758793969849	pred.prob	5	825
#FF0000	-1.49748743718593	pred.prob	5	826
#FF0000	-1.47738693467337	pred.prob	5	827
#FF0000	-1.4572864321608	pred.prob	5	828
#FF0000	-1.43718592964824	pred.prob	5	829
#FF0000	-1.41708542713568	pred.prob	5	830
#FF0000	-1.39698492462312	pred.prob	5	831
#FF0000	-1.37688442211055	pred.prob	5	832
#FF0000	-1.35678391959799	pred.prob	5	833
#FF0000	-1.33668341708543	pred.prob	5	834
#FF0000	-1.31658291457286	pred.prob	5	835
#FF0000	-1.2964824120603	pred.prob	5	836
#FF0000	-1.27638190954774	pred.prob	5	837
#FF0000	-1.25628140703518	pred.prob	5	838
#FF0000	-1.23618090452261	pred.prob	5	839
#FF0000	-1.21608040201005	pred.prob	5	840
#FF0000	-1.19597989949749	pred.prob	5	841
#FF0000	-1.17587939698492	pred.prob	5	842
#FF0000	-1.15577889447236	pred.prob	5	843
#FF0000	-1.1356783919598	pred.prob	5	844
#FF0000	-1.11557788944724	pred.prob	5	845
#FF0000	-1.09547738693467	pred.prob	5	846
#FF0000	-1.07537688442211	pred.prob	5	847
#FF0000	-1.05527638190955	pred.prob	5	848
#FF0000	-1.03517587939698	pred.prob	5	849
#FF0000	-1.01507537688442	pred.prob	5	850
#FF0000	-0.994974874371859	pred.prob	5	851
#FF0000	-0.974874371859296	pred.prob	5	852
#FF0000	-0.954773869346734	pred.prob	5	853
#FF0000	-0.934673366834171	pred.prob	5	854
#FF0000	-0.914572864321608	pred.prob	5	855
#FF0000	-0.894472361809045	pred.prob	5	856
#FF0000	-0.874371859296482	pred.prob	5	857
#FF0000	-0.85427135678392	pred.prob	5	858
#FF0000	-0.834170854271357	pred.prob	5	859
#FF0000	-0.814070351758794	pred.prob	5	860
#FF0000	-0.793969849246231	pred.prob	5	861
#FF0000	-0.773869346733668	pred.prob	5	862
#FF0000	-0.753768844221105	pred.prob	5	863
#FF0000	-0.733668341708543	pred.prob	5	864
#FF0000	-0.71356783919598	pred.prob	5	865
#FF0000	-0.693467336683417	pred.prob	5	866
#FF0000	-0.673366834170854	pred.prob	5	867
#FF0000	-0.653266331658291	pred.prob	5	868
#FF0000	-0.633165829145729	pred.prob	5	869
#FF0000	-0.613065326633166	pred.prob	5	870
#FF0000	-0.592964824120603	pred.prob	5	871
#FF0000	-0.57286432160804	pred.prob	5	872
#FF0000	-0.552763819095477	pred.prob	5	873
#FF0000	-0.532663316582915	pred.prob	5	874
#FF0000	-0.512562814070352	pred.prob	5	875
#FF0000	-0.492462311557789	pred.prob	5	876
#FF0000	-0.472361809045226	pred.prob	5	877
#FF0000	-0.452261306532663	pred.prob	5	878
#FF0000	-0.4321608040201	pred.prob	5	879
#FF0000	-0.412060301507538	pred.prob	5	880
#FF0000	-0.391959798994975	pred.prob	5	881
#FF0000	-0.371859296482412	pred.prob	5	882
#FF0000	-0.351758793969849	pred.prob	5	883
#FF0000	-0.331658291457286	pred.prob	5	884
#FF0000	-0.311557788944724	pred.prob	5	885
#FF0000	-0.291457286432161	pred.prob	5	886
#FF0000	-0.271356783919598	pred.prob	5	887
#FF0000	-0.251256281407035	pred.prob	5	888
#FF0000	-0.231155778894472	pred.prob	5	889
#FF0000	-0.21105527638191	pred.prob	5	890
#FF0000	-0.190954773869347	pred.prob	5	891
#FF0000	-0.170854271356784	pred.prob	5	892
#FF0000	-0.150753768844221	pred.prob	5	893
#FF0000	-0.130653266331658	pred.prob	5	894
#FF0000	-0.110552763819096	pred.prob	5	895
#FF0000	-0.0904522613065326	pred.prob	5	896
#FF0000	-0.0703517587939699	pred.prob	5	897
#FF0000	-0.050251256281407	pred.prob	5	898
#FF0000	-0.0301507537688441	pred.prob	5	899
#FF0000	-0.0100502512562815	pred.prob	5	900
#FF0000	0.0100502512562812	pred.prob	5	901
#FF0000	0.0301507537688441	pred.prob	5	902
#FF0000	0.050251256281407	pred.prob	5	903
#FF0000	0.0703517587939699	pred.prob	5	904
#FF0000	0.0904522613065328	pred.prob	5	905
#FF0000	0.110552763819095	pred.prob	5	906
#FF0000	0.130653266331658	pred.prob	5	907
#FF0000	0.150753768844221	pred.prob	5	908
#FF0000	0.170854271356784	pred.prob	5	909
#FF0000	0.190954773869347	pred.prob	5	910
#FF0000	0.21105527638191	pred.prob	5	911
#FF0000	0.231155778894472	pred.prob	5	912
#FF0000	0.251256281407035	pred.prob	5	913
#FF0000	0.271356783919598	pred.prob	5	914
#FF0000	0.291457286432161	pred.prob	5	915
#FF0000	0.311557788944724	pred.prob	5	916
#FF0000	0.331658291457286	pred.prob	5	917
#FF0000	0.351758793969849	pred.prob	5	918
#FF0000	0.371859296482412	pred.prob	5	919
#FF0000	0.391959798994975	pred.prob	5	920
#FF0000	0.412060301507538	pred.prob	5	921
#FF0000	0.4321608040201	pred.prob	5	922
#FF0000	0.452261306532663	pred.prob	5	923
#FF0000	0.472361809045226	pred.prob	5	924
#FF0000	0.492462311557789	pred.prob	5	925
#FF0000	0.512562814070352	pred.prob	5	926
#FF0000	0.532663316582914	pred.prob	5	927
#FF0000	0.552763819095477	pred.prob	5	928
#FF0000	0.57286432160804	pred.prob	5	929
#FF0000	0.592964824120603	pred.prob	5	930
#FF0000	0.613065326633166	pred.prob	5	931
#FF0000	0.633165829145728	pred.prob	5	932
#FF0000	0.653266331658291	pred.prob	5	933
#FF0000	0.673366834170854	pred.prob	5	934
#FF0000	0.693467336683417	pred.prob	5	935
#FF0000	0.71356783919598	pred.prob	5	936
#FF0000	0.733668341708543	pred.prob	5	937
#FF0000	0.753768844221105	pred.prob	5	938
#FF0000	0.773869346733668	pred.prob	5	939
#FF0000	0.793969849246231	pred.prob	5	940
#FF0000	0.814070351758794	pred.prob	5	941
#FF0000	0.834170854271357	pred.prob	5	942
#FF0000	0.85427135678392	pred.prob	5	943
#FF0000	0.874371859296482	pred.prob	5	944
#FF0000	0.894472361809045	pred.prob	5	945
#FF0000	0.914572864321608	pred.prob	5	946
#FF0000	0.934673366834171	pred.prob	5	947
#FF0000	0.954773869346734	pred.prob	5	948
#FF0000	0.974874371859296	pred.prob	5	949
#FF0000	0.994974874371859	pred.prob	5	950
#FF0000	1.01507537688442	pred.prob	5	951
#FF0000	1.03517587939699	pred.prob	5	952
#FF0000	1.05527638190955	pred.prob	5	953
#FF0000	1.07537688442211	pred.prob	5	954
#FF0000	1.09547738693467	pred.prob	5	955
#FF0000	1.11557788944724	pred.prob	5	956
#FF0000	1.1356783919598	pred.prob	5	957
#FF0000	1.15577889447236	pred.prob	5	958
#FF0000	1.17587939698492	pred.prob	5	959
#FF0000	1.19597989949749	pred.prob	5	960
#FF0000	1.21608040201005	pred.prob	5	961
#FF0000	1.23618090452261	pred.prob	5	962
#FF0000	1.25628140703518	pred.prob	5	963
#FF0000	1.27638190954774	pred.prob	5	964
#FF0000	1.2964824120603	pred.prob	5	965
#FF0000	1.31658291457286	pred.prob	5	966
#FF0000	1.33668341708543	pred.prob	5	967
#FF0000	1.35678391959799	pred.prob	5	968
#FF0000	1.37688442211055	pred.prob	5	969
#FF0000	1.39698492462312	pred.prob	5	970
#FF0000	1.41708542713568	pred.prob	5	971
#FF0000	1.43718592964824	pred.prob	5	972
#FF0000	1.4572864321608	pred.prob	5	973
#FF0000	1.47738693467337	pred.prob	5	974
#FF0000	1.49748743718593	pred.prob	5	975
#FF0000	1.51758793969849	pred.prob	5	976
#FF0000	1.53768844221106	pred.prob	5	977
#FF0000	1.55778894472362	pred.prob	5	978
#FF0000	1.57788944723618	pred.prob	5	979
#FF0000	1.59798994974874	pred.prob	5	980
#FF0000	1.61809045226131	pred.prob	5	981
#FF0000	1.63819095477387	pred.prob	5	982
#FF0000	1.65829145728643	pred.prob	5	983
#FF0000	1.67839195979899	pred.prob	5	984
#FF0000	1.69849246231156	pred.prob	5	985
#FF0000	1.71859296482412	pred.prob	5	986
#FF0000	1.73869346733668	pred.prob	5	987
#FF0000	1.75879396984925	pred.prob	5	988
#FF0000	1.77889447236181	pred.prob	5	989
#FF0000	1.79899497487437	pred.prob	5	990
#FF0000	1.81909547738693	pred.prob	5	991
#FF0000	1.8391959798995	pred.prob	5	992
#FF0000	1.85929648241206	pred.prob	5	993
#FF0000	1.87939698492462	pred.prob	5	994
#FF0000	1.89949748743719	pred.prob	5	995
#FF0000	1.91959798994975	pred.prob	5	996
#FF0000	1.93969849246231	pred.prob	5	997
#FF0000	1.95979899497487	pred.prob	5	998
#FF0000	1.97989949748744	pred.prob	5	999
#FF0000	2	pred.prob	5	1000
#FF0000	-2	pred.prob	6	1001
#FF0000	-1.97989949748744	pred.prob	6	1002
#FF0000	-1.95979899497487	pred.prob	6	1003
#FF0000	-1.93969849246231	pred.prob	6	1004
#FF0000	-1.91959798994975	pred.prob	6	1005
#FF0000	-1.89949748743719	pred.prob	6	1006
#FF0000	-1.87939698492462	pred.prob	6	1007
#FF0000	-1.85929648241206	pred.prob	6	1008
#FF0000	-1.8391959798995	pred.prob	6	1009
#FF0000	-1.81909547738693	pred.prob	6	1010
#FF0000	-1.79899497487437	pred.prob	6	1011
#FF0000	-1.77889447236181	pred.prob	6	1012
#FF0000	-1.75879396984925	pred.prob	6	1013
#FF0000	-1.73869346733668	pred.prob	6	1014
#FF0000	-1.71859296482412	pred.prob	6	1015
#FF0000	-1.69849246231156	pred.prob	6	1016
#FF0000	-1.67839195979899	pred.prob	6	1017
#FF0000	-1.65829145728643	pred.prob	6	1018
#FF0000	-1.63819095477387	pred.prob	6	1019
#FF0000	-1.61809045226131	pred.prob	6	1020
#FF0000	-1.59798994974874	pred.prob	6	1021
#FF0000	-1.57788944723618	pred.prob	6	1022
#FF0000	-1.55778894472362	pred.prob	6	1023
#FF0000	-1.53768844221106	pred.prob	6	1024
#FF0000	-1.51758793969849	pred.prob	6	1025
#FF0000	-1.49748743718593	pred.prob	6	1026
#FF0000	-1.47738693467337	pred.prob	6	1027
#FF0000	-1.4572864321608	pred.prob	6	1028
#FF0000	-1.43718592964824	pred.prob	6	1029
#FF0000	-1.41708542713568	pred.prob	6	1030
#FF0000	-1.39698492462312	pred.prob	6	1031
#FF0000	-1.37688442211055	pred.prob	6	1032
#FF0000	-1.35678391959799	pred.prob	6	1033
#FF0000	-1.33668341708543	pred.prob	6	1034
#FF0000	-1.31658291457286	pred.prob	6	1035
#FF0000	-1.2964824120603	pred.prob	6	1036
#FF0000	-1.27638190954774	pred.prob	6	1037
#FF0000	-1.25628140703518	pred.prob	6	1038
#FF0000	-1.23618090452261	pred.prob	6	1039
#FF0000	-1.21608040201005	pred.prob	6	1040
#FF0000	-1.19597989949749	pred.prob	6	1041
#FF0000	-1.17587939698492	pred.prob	6	1042
#FF0000	-1.15577889447236	pred.prob	6	1043
#FF0000	-1.1356783919598	pred.prob	6	1044
#FF0000	-1.11557788944724	pred.prob	6	1045
#FF0000	-1.09547738693467	pred.prob	6	1046
#FF0000	-1.07537688442211	pred.prob	6	1047
#FF0000	-1.05527638190955	pred.prob	6	1048
#FF0000	-1.03517587939698	pred.prob	6	1049
#FF0000	-1.01507537688442	pred.prob	6	1050
#FF0000	-0.994974874371859	pred.prob	6	1051
#FF0000	-0.974874371859296	pred.prob	6	1052
#FF0000	-0.954773869346734	pred.prob	6	1053
#FF0000	-0.934673366834171	pred.prob	6	1054
#FF0000	-0.914572864321608	pred.prob	6	1055
#FF0000	-0.894472361809045	pred.prob	6	1056
#FF0000	-0.874371859296482	pred.prob	6	1057
#FF0000	-0.85427135678392	pred.prob	6	1058
#FF0000	-0.834170854271357	pred.prob	6	1059
#FF0000	-0.814070351758794	pred.prob	6	1060
#FF0000	-0.793969849246231	pred.prob	6	1061
#FF0000	-0.773869346733668	pred.prob	6	1062
#FF0000	-0.753768844221105	pred.prob	6	1063
#FF0000	-0.733668341708543	pred.prob	6	1064
#FF0000	-0.71356783919598	pred.prob	6	1065
#FF0000	-0.693467336683417	pred.prob	6	1066
#FF0000	-0.673366834170854	pred.prob	6	1067
#FF0000	-0.653266331658291	pred.prob	6	1068
#FF0000	-0.633165829145729	pred.prob	6	1069
#FF0000	-0.613065326633166	pred.prob	6	1070
#FF0000	-0.592964824120603	pred.prob	6	1071
#FF0000	-0.57286432160804	pred.prob	6	1072
#FF0000	-0.552763819095477	pred.prob	6	1073
#FF0000	-0.532663316582915	pred.prob	6	1074
#FF0000	-0.512562814070352	pred.prob	6	1075
#FF0000	-0.492462311557789	pred.prob	6	1076
#FF0000	-0.472361809045226	pred.prob	6	1077
#FF0000	-0.452261306532663	pred.prob	6	1078
#FF0000	-0.4321608040201	pred.prob	6	1079
#FF0000	-0.412060301507538	pred.prob	6	1080
#FF0000	-0.391959798994975	pred.prob	6	1081
#FF0000	-0.371859296482412	pred.prob	6	1082
#FF0000	-0.351758793969849	pred.prob	6	1083
#FF0000	-0.331658291457286	pred.prob	6	1084
#FF0000	-0.311557788944724	pred.prob	6	1085
#FF0000	-0.291457286432161	pred.prob	6	1086
#FF0000	-0.271356783919598	pred.prob	6	1087
#FF0000	-0.251256281407035	pred.prob	6	1088
#FF0000	-0.231155778894472	pred.prob	6	1089
#FF0000	-0.21105527638191	pred.prob	6	1090
#FF0000	-0.190954773869347	pred.prob	6	1091
#FF0000	-0.170854271356784	pred.prob	6	1092
#FF0000	-0.150753768844221	pred.prob	6	1093
#FF0000	-0.130653266331658	pred.prob	6	1094
#FF0000	-0.110552763819096	pred.prob	6	1095
#FF0000	-0.0904522613065326	pred.prob	6	1096
#FF0000	-0.0703517587939699	pred.prob	6	1097
#FF0000	-0.050251256281407	pred.prob	6	1098
#FF0000	-0.0301507537688441	pred.prob	6	1099
#FF0000	-0.0100502512562815	pred.prob	6	1100
#FF0000	0.0100502512562812	pred.prob	6	1101
#FF0000	0.0301507537688441	pred.prob	6	1102
#FF0000	0.050251256281407	pred.prob	6	1103
#FF0000	0.0703517587939699	pred.prob	6	1104
#FF0000	0.0904522613065328	pred.prob	6	1105
#FF0000	0.110552763819095	pred.prob	6	1106
#FF0000	0.130653266331658	pred.prob	6	1107
#FF0000	0.150753768844221	pred.prob	6	1108
#FF0000	0.170854271356784	pred.prob	6	1109
#FF0000	0.190954773869347	pred.prob	6	1110
#FF0000	0.21105527638191	pred.prob	6	1111
#FF0000	0.231155778894472	pred.prob	6	1112
#FF0000	0.251256281407035	pred.prob	6	1113
#FF0000	0.271356783919598	pred.prob	6	1114
#FF0000	0.291457286432161	pred.prob	6	1115
#FF0000	0.311557788944724	pred.prob	6	1116
#FF0000	0.331658291457286	pred.prob	6	1117
#FF0000	0.351758793969849	pred.prob	6	1118
#FF0000	0.371859296482412	pred.prob	6	1119
#FF0000	0.391959798994975	pred.prob	6	1120
#FF0000	0.412060301507538	pred.prob	6	1121
#FF0000	0.4321608040201	pred.prob	6	1122
#FF0000	0.452261306532663	pred.prob	6	1123
#FF0000	0.472361809045226	pred.prob	6	1124
#FF0000	0.492462311557789	pred.prob	6	1125
#FF0000	0.512562814070352	pred.prob	6	1126
#FF0000	0.532663316582914	pred.prob	6	1127
#FF0000	0.552763819095477	pred.prob	6	1128
#FF0000	0.57286432160804	pred.prob	6	1129
#FF0000	0.592964824120603	pred.prob	6	1130
#FF0000	0.613065326633166	pred.prob	6	1131
#FF0000	0.633165829145728	pred.prob	6	1132
#FF0000	0.653266331658291	pred.prob	6	1133
#FF0000	0.673366834170854	pred.prob	6	1134
#FF0000	0.693467336683417	pred.prob	6	1135
#FF0000	0.71356783919598	pred.prob	6	1136
#FF0000	0.733668341708543	pred.prob	6	1137
#FF0000	0.753768844221105	pred.prob	6	1138
#FF0000	0.773869346733668	pred.prob	6	1139
#FF0000	0.793969849246231	pred.prob	6	1140
#FF0000	0.814070351758794	pred.prob	6	1141
#FF0000	0.834170854271357	pred.prob	6	1142
#FF0000	0.85427135678392	pred.prob	6	1143
#FF0000	0.874371859296482	pred.prob	6	1144
#FF0000	0.894472361809045	pred.prob	6	1145
#FF0000	0.914572864321608	pred.prob	6	1146
#FF0000	0.934673366834171	pred.prob	6	1147
#FF0000	0.954773869346734	pred.prob	6	1148
#FF0000	0.974874371859296	pred.prob	6	1149
#FF0000	0.994974874371859	pred.prob	6	1150
#FF0000	1.01507537688442	pred.prob	6	1151
#FF0000	1.03517587939699	pred.prob	6	1152
#FF0000	1.05527638190955	pred.prob	6	1153
#FF0000	1.07537688442211	pred.prob	6	1154
#FF0000	1.09547738693467	pred.prob	6	1155
#FF0000	1.11557788944724	pred.prob	6	1156
#FF0000	1.1356783919598	pred.prob	6	1157
#FF0000	1.15577889447236	pred.prob	6	1158
#FF0000	1.17587939698492	pred.prob	6	1159
#FF0000	1.19597989949749	pred.prob	6	1160
#FF0000	1.21608040201005	pred.prob	6	1161
#FF0000	1.23618090452261	pred.prob	6	1162
#FF0000	1.25628140703518	pred.prob	6	1163
#FF0000	1.27638190954774	pred.prob	6	1164
#FF0000	1.2964824120603	pred.prob	6	1165
#FF0000	1.31658291457286	pred.prob	6	1166
#FF0000	1.33668341708543	pred.prob	6	1167
#FF0000	1.35678391959799	pred.prob	6	1168
#FF0000	1.37688442211055	pred.prob	6	1169
#FF0000	1.39698492462312	pred.prob	6	1170
#FF0000	1.41708542713568	pred.prob	6	1171
#FF0000	1.43718592964824	pred.prob	6	1172
#FF0000	1.4572864321608	pred.prob	6	1173
#FF0000	1.47738693467337	pred.prob	6	1174
#FF0000	1.49748743718593	pred.prob	6	1175
#FF0000	1.51758793969849	pred.prob	6	1176
#FF0000	1.53768844221106	pred.prob	6	1177
#FF0000	1.55778894472362	pred.prob	6	1178
#FF0000	1.57788944723618	pred.prob	6	1179
#FF0000	1.59798994974874	pred.prob	6	1180
#FF0000	1.61809045226131	pred.prob	6	1181
#FF0000	1.63819095477387	pred.prob	6	1182
#FF0000	1.65829145728643	pred.prob	6	1183
#FF0000	1.67839195979899	pred.prob	6	1184
#FF0000	1.69849246231156	pred.prob	6	1185
#FF0000	1.71859296482412	pred.prob	6	1186
#FF0000	1.73869346733668	pred.prob	6	1187
#FF0000	1.75879396984925	pred.prob	6	1188
#FF0000	1.77889447236181	pred.prob	6	1189
#FF0000	1.79899497487437	pred.prob	6	1190
#FF0000	1.81909547738693	pred.prob	6	1191
#FF0000	1.8391959798995	pred.prob	6	1192
#FF0000	1.85929648241206	pred.prob	6	1193
#FF0000	1.87939698492462	pred.prob	6	1194
#FF0000	1.89949748743719	pred.prob	6	1195
#FF0000	1.91959798994975	pred.prob	6	1196
#FF0000	1.93969849246231	pred.prob	6	1197
#FF0000	1.95979899497487	pred.prob	6	1198
#FF0000	1.97989949748744	pred.prob	6	1199
#FF0000	2	pred.prob	6	1200
#FF0000	-2	pred.prob	7	1201
#FF0000	-1.97989949748744	pred.prob	7	1202
#FF0000	-1.95979899497487	pred.prob	7	1203
#FF0000	-1.93969849246231	pred.prob	7	1204
#FF0000	-1.91959798994975	pred.prob	7	1205
#FF0000	-1.89949748743719	pred.prob	7	1206
#FF0000	-1.87939698492462	pred.prob	7	1207
#FF0000	-1.85929648241206	pred.prob	7	1208
#FF0000	-1.8391959798995	pred.prob	7	1209
#FF0000	-1.81909547738693	pred.prob	7	1210
#FF0000	-1.79899497487437	pred.prob	7	1211
#FF0000	-1.77889447236181	pred.prob	7	1212
#FF0000	-1.75879396984925	pred.prob	7	1213
#FF0000	-1.73869346733668	pred.prob	7	1214
#FF0000	-1.71859296482412	pred.prob	7	1215
#FF0000	-1.69849246231156	pred.prob	7	1216
#FF0000	-1.67839195979899	pred.prob	7	1217
#FF0000	-1.65829145728643	pred.prob	7	1218
#FF0000	-1.63819095477387	pred.prob	7	1219
#FF0000	-1.61809045226131	pred.prob	7	1220
#FF0000	-1.59798994974874	pred.prob	7	1221
#FF0000	-1.57788944723618	pred.prob	7	1222
#FF0000	-1.55778894472362	pred.prob	7	1223
#FF0000	-1.53768844221106	pred.prob	7	1224
#FF0000	-1.51758793969849	pred.prob	7	1225
#FF0000	-1.49748743718593	pred.prob	7	1226
#FF0000	-1.47738693467337	pred.prob	7	1227
#FF0000	-1.4572864321608	pred.prob	7	1228
#FF0000	-1.43718592964824	pred.prob	7	1229
#FF0000	-1.41708542713568	pred.prob	7	1230
#FF0000	-1.39698492462312	pred.prob	7	1231
#FF0000	-1.37688442211055	pred.prob	7	1232
#FF0000	-1.35678391959799	pred.prob	7	1233
#FF0000	-1.33668341708543	pred.prob	7	1234
#FF0000	-1.31658291457286	pred.prob	7	1235
#FF0000	-1.2964824120603	pred.prob	7	1236
#FF0000	-1.27638190954774	pred.prob	7	1237
#FF0000	-1.25628140703518	pred.prob	7	1238
#FF0000	-1.23618090452261	pred.prob	7	1239
#FF0000	-1.21608040201005	pred.prob	7	1240
#FF0000	-1.19597989949749	pred.prob	7	1241
#FF0000	-1.17587939698492	pred.prob	7	1242
#FF0000	-1.15577889447236	pred.prob	7	1243
#FF0000	-1.1356783919598	pred.prob	7	1244
#FF0000	-1.11557788944724	pred.prob	7	1245
#FF0000	-1.09547738693467	pred.prob	7	1246
#FF0000	-1.07537688442211	pred.prob	7	1247
#FF0000	-1.05527638190955	pred.prob	7	1248
#FF0000	-1.03517587939698	pred.prob	7	1249
#FF0000	-1.01507537688442	pred.prob	7	1250
#FF0000	-0.994974874371859	pred.prob	7	1251
#FF0000	-0.974874371859296	pred.prob	7	1252
#FF0000	-0.954773869346734	pred.prob	7	1253
#FF0000	-0.934673366834171	pred.prob	7	1254
#FF0000	-0.914572864321608	pred.prob	7	1255
#FF0000	-0.894472361809045	pred.prob	7	1256
#FF0000	-0.874371859296482	pred.prob	7	1257
#FF0000	-0.85427135678392	pred.prob	7	1258
#FF0000	-0.834170854271357	pred.prob	7	1259
#FF0000	-0.814070351758794	pred.prob	7	1260
#FF0000	-0.793969849246231	pred.prob	7	1261
#FF0000	-0.773869346733668	pred.prob	7	1262
#FF0000	-0.753768844221105	pred.prob	7	1263
#FF0000	-0.733668341708543	pred.prob	7	1264
#FF0000	-0.71356783919598	pred.prob	7	1265
#FF0000	-0.693467336683417	pred.prob	7	1266
#FF0000	-0.673366834170854	pred.prob	7	1267
#FF0000	-0.653266331658291	pred.prob	7	1268
#FF0000	-0.633165829145729	pred.prob	7	1269
#FF0000	-0.613065326633166	pred.prob	7	1270
#FF0000	-0.592964824120603	pred.prob	7	1271
#FF0000	-0.57286432160804	pred.prob	7	1272
#FF0000	-0.552763819095477	pred.prob	7	1273
#FF0000	-0.532663316582915	pred.prob	7	1274
#FF0000	-0.512562814070352	pred.prob	7	1275
#FF0000	-0.492462311557789	pred.prob	7	1276
#FF0000	-0.472361809045226	pred.prob	7	1277
#FF0000	-0.452261306532663	pred.prob	7	1278
#FF0000	-0.4321608040201	pred.prob	7	1279
#FF0000	-0.412060301507538	pred.prob	7	1280
#FF0000	-0.391959798994975	pred.prob	7	1281
#FF0000	-0.371859296482412	pred.prob	7	1282
#FF0000	-0.351758793969849	pred.prob	7	1283
#FF0000	-0.331658291457286	pred.prob	7	1284
#FF0000	-0.311557788944724	pred.prob	7	1285
#FF0000	-0.291457286432161	pred.prob	7	1286
#FF0000	-0.271356783919598	pred.prob	7	1287
#FF0000	-0.251256281407035	pred.prob	7	1288
#FF0000	-0.231155778894472	pred.prob	7	1289
#FF0000	-0.21105527638191	pred.prob	7	1290
#FF0000	-0.190954773869347	pred.prob	7	1291
#FF0000	-0.170854271356784	pred.prob	7	1292
#FF0000	-0.150753768844221	pred.prob	7	1293
#FF0000	-0.130653266331658	pred.prob	7	1294
#FF0000	-0.110552763819096	pred.prob	7	1295
#FF0000	-0.0904522613065326	pred.prob	7	1296
#FF0000	-0.0703517587939699	pred.prob	7	1297
#FF0000	-0.050251256281407	pred.prob	7	1298
#FF0000	-0.0301507537688441	pred.prob	7	1299
#FF0000	-0.0100502512562815	pred.prob	7	1300
#FF0000	0.0100502512562812	pred.prob	7	1301
#FF0000	0.0301507537688441	pred.prob	7	1302
#FF0000	0.050251256281407	pred.prob	7	1303
#FF0000	0.0703517587939699	pred.prob	7	1304
#FF0000	0.0904522613065328	pred.prob	7	1305
#FF0000	0.110552763819095	pred.prob	7	1306
#FF0000	0.130653266331658	pred.prob	7	1307
#FF0000	0.150753768844221	pred.prob	7	1308
#FF0000	0.170854271356784	pred.prob	7	1309
#FF0000	0.190954773869347	pred.prob	7	1310
#FF0000	0.21105527638191	pred.prob	7	1311
#FF0000	0.231155778894472	pred.prob	7	1312
#FF0000	0.251256281407035	pred.prob	7	1313
#FF0000	0.271356783919598	pred.prob	7	1314
#FF0000	0.291457286432161	pred.prob	7	1315
#FF0000	0.311557788944724	pred.prob	7	1316
#FF0000	0.331658291457286	pred.prob	7	1317
#FF0000	0.351758793969849	pred.prob	7	1318
#FF0000	0.371859296482412	pred.prob	7	1319
#FF0000	0.391959798994975	pred.prob	7	1320
#FF0000	0.412060301507538	pred.prob	7	1321
#FF0000	0.4321608040201	pred.prob	7	1322
#FF0000	0.452261306532663	pred.prob	7	1323
#FF0000	0.472361809045226	pred.prob	7	1324
#FF0000	0.492462311557789	pred.prob	7	1325
#FF0000	0.512562814070352	pred.prob	7	1326
#FF0000	0.532663316582914	pred.prob	7	1327
#FF0000	0.552763819095477	pred.prob	7	1328
#FF0000	0.57286432160804	pred.prob	7	1329
#FF0000	0.592964824120603	pred.prob	7	1330
#FF0000	0.613065326633166	pred.prob	7	1331
#FF0000	0.633165829145728	pred.prob	7	1332
#FF0000	0.653266331658291	pred.prob	7	1333
#FF0000	0.673366834170854	pred.prob	7	1334
#FF0000	0.693467336683417	pred.prob	7	1335
#FF0000	0.71356783919598	pred.prob	7	1336
#FF0000	0.733668341708543	pred.prob	7	1337
#FF0000	0.753768844221105	pred.prob	7	1338
#FF0000	0.773869346733668	pred.prob	7	1339
#FF0000	0.793969849246231	pred.prob	7	1340
#FF0000	0.814070351758794	pred.prob	7	1341
#FF0000	0.834170854271357	pred.prob	7	1342
#FF0000	0.85427135678392	pred.prob	7	1343
#FF0000	0.874371859296482	pred.prob	7	1344
#FF0000	0.894472361809045	pred.prob	7	1345
#FF0000	0.914572864321608	pred.prob	7	1346
#FF0000	0.934673366834171	pred.prob	7	1347
#FF0000	0.954773869346734	pred.prob	7	1348
#FF0000	0.974874371859296	pred.prob	7	1349
#FF0000	0.994974874371859	pred.prob	7	1350
#FF0000	1.01507537688442	pred.prob	7	1351
#FF0000	1.03517587939699	pred.prob	7	1352
#FF0000	1.05527638190955	pred.prob	7	1353
#FF0000	1.07537688442211	pred.prob	7	1354
#FF0000	1.09547738693467	pred.prob	7	1355
#FF0000	1.11557788944724	pred.prob	7	1356
#FF0000	1.1356783919598	pred.prob	7	1357
#FF0000	1.15577889447236	pred.prob	7	1358
#FF0000	1.17587939698492	pred.prob	7	1359
#FF0000	1.19597989949749	pred.prob	7	1360
#FF0000	1.21608040201005	pred.prob	7	1361
#FF0000	1.23618090452261	pred.prob	7	1362
#FF0000	1.25628140703518	pred.prob	7	1363
#FF0000	1.27638190954774	pred.prob	7	1364
#FF0000	1.2964824120603	pred.prob	7	1365
#FF0000	1.31658291457286	pred.prob	7	1366
#FF0000	1.33668341708543	pred.prob	7	1367
#FF0000	1.35678391959799	pred.prob	7	1368
#FF0000	1.37688442211055	pred.prob	7	1369
#FF0000	1.39698492462312	pred.prob	7	1370
#FF0000	1.41708542713568	pred.prob	7	1371
#FF0000	1.43718592964824	pred.prob	7	1372
#FF0000	1.4572864321608	pred.prob	7	1373
#FF0000	1.47738693467337	pred.prob	7	1374
#FF0000	1.49748743718593	pred.prob	7	1375
#FF0000	1.51758793969849	pred.prob	7	1376
#FF0000	1.53768844221106	pred.prob	7	1377
#FF0000	1.55778894472362	pred.prob	7	1378
#FF0000	1.57788944723618	pred.prob	7	1379
#FF0000	1.59798994974874	pred.prob	7	1380
#FF0000	1.61809045226131	pred.prob	7	1381
#FF0000	1.63819095477387	pred.prob	7	1382
#FF0000	1.65829145728643	pred.prob	7	1383
#FF0000	1.67839195979899	pred.prob	7	1384
#FF0000	1.69849246231156	pred.prob	7	1385
#FF0000	1.71859296482412	pred.prob	7	1386
#FF0000	1.73869346733668	pred.prob	7	1387
#FF0000	1.75879396984925	pred.prob	7	1388
#FF0000	1.77889447236181	pred.prob	7	1389
#FF0000	1.79899497487437	pred.prob	7	1390
#FF0000	1.81909547738693	pred.prob	7	1391
#FF0000	1.8391959798995	pred.prob	7	1392
#FF0000	1.85929648241206	pred.prob	7	1393
#FF0000	1.87939698492462	pred.prob	7	1394
#FF0000	1.89949748743719	pred.prob	7	1395
#FF0000	1.91959798994975	pred.prob	7	1396
#FF0000	1.93969849246231	pred.prob	7	1397
#FF0000	1.95979899497487	pred.prob	7	1398
#FF0000	1.97989949748744	pred.prob	7	1399
#FF0000	2	pred.prob	7	1400
#FF0000	-2	pred.prob	8	1401
#FF0000	-1.97989949748744	pred.prob	8	1402
#FF0000	-1.95979899497487	pred.prob	8	1403
#FF0000	-1.93969849246231	pred.prob	8	1404
#FF0000	-1.91959798994975	pred.prob	8	1405
#FF0000	-1.89949748743719	pred.prob	8	1406
#FF0000	-1.87939698492462	pred.prob	8	1407
#FF0000	-1.85929648241206	pred.prob	8	1408
#FF0000	-1.8391959798995	pred.prob	8	1409
#FF0000	-1.81909547738693	pred.prob	8	1410
#FF0000	-1.79899497487437	pred.prob	8	1411
#FF0000	-1.77889447236181	pred.prob	8	1412
#FF0000	-1.75879396984925	pred.prob	8	1413
#FF0000	-1.73869346733668	pred.prob	8	1414
#FF0000	-1.71859296482412	pred.prob	8	1415
#FF0000	-1.69849246231156	pred.prob	8	1416
#FF0000	-1.67839195979899	pred.prob	8	1417
#FF0000	-1.65829145728643	pred.prob	8	1418
#FF0000	-1.63819095477387	pred.prob	8	1419
#FF0000	-1.61809045226131	pred.prob	8	1420
#FF0000	-1.59798994974874	pred.prob	8	1421
#FF0000	-1.57788944723618	pred.prob	8	1422
#FF0000	-1.55778894472362	pred.prob	8	1423
#FF0000	-1.53768844221106	pred.prob	8	1424
#FF0000	-1.51758793969849	pred.prob	8	1425
#FF0000	-1.49748743718593	pred.prob	8	1426
#FF0000	-1.47738693467337	pred.prob	8	1427
#FF0000	-1.4572864321608	pred.prob	8	1428
#FF0000	-1.43718592964824	pred.prob	8	1429
#FF0000	-1.41708542713568	pred.prob	8	1430
#FF0000	-1.39698492462312	pred.prob	8	1431
#FF0000	-1.37688442211055	pred.prob	8	1432
#FF0000	-1.35678391959799	pred.prob	8	1433
#FF0000	-1.33668341708543	pred.prob	8	1434
#FF0000	-1.31658291457286	pred.prob	8	1435
#FF0000	-1.2964824120603	pred.prob	8	1436
#FF0000	-1.27638190954774	pred.prob	8	1437
#FF0000	-1.25628140703518	pred.prob	8	1438
#FF0000	-1.23618090452261	pred.prob	8	1439
#FF0000	-1.21608040201005	pred.prob	8	1440
#FF0000	-1.19597989949749	pred.prob	8	1441
#FF0000	-1.17587939698492	pred.prob	8	1442
#FF0000	-1.15577889447236	pred.prob	8	1443
#FF0000	-1.1356783919598	pred.prob	8	1444
#FF0000	-1.11557788944724	pred.prob	8	1445
#FF0000	-1.09547738693467	pred.prob	8	1446
#FF0000	-1.07537688442211	pred.prob	8	1447
#FF0000	-1.05527638190955	pred.prob	8	1448
#FF0000	-1.03517587939698	pred.prob	8	1449
#FF0000	-1.01507537688442	pred.prob	8	1450
#FF0000	-0.994974874371859	pred.prob	8	1451
#FF0000	-0.974874371859296	pred.prob	8	1452
#FF0000	-0.954773869346734	pred.prob	8	1453
#FF0000	-0.934673366834171	pred.prob	8	1454
#FF0000	-0.914572864321608	pred.prob	8	1455
#FF0000	-0.894472361809045	pred.prob	8	1456
#FF0000	-0.874371859296482	pred.prob	8	1457
#FF0000	-0.85427135678392	pred.prob	8	1458
#FF0000	-0.834170854271357	pred.prob	8	1459
#FF0000	-0.814070351758794	pred.prob	8	1460
#FF0000	-0.793969849246231	pred.prob	8	1461
#FF0000	-0.773869346733668	pred.prob	8	1462
#FF0000	-0.753768844221105	pred.prob	8	1463
#FF0000	-0.733668341708543	pred.prob	8	1464
#FF0000	-0.71356783919598	pred.prob	8	1465
#FF0000	-0.693467336683417	pred.prob	8	1466
#FF0000	-0.673366834170854	pred.prob	8	1467
#FF0000	-0.653266331658291	pred.prob	8	1468
#FF0000	-0.633165829145729	pred.prob	8	1469
#FF0000	-0.613065326633166	pred.prob	8	1470
#FF0000	-0.592964824120603	pred.prob	8	1471
#FF0000	-0.57286432160804	pred.prob	8	1472
#FF0000	-0.552763819095477	pred.prob	8	1473
#FF0000	-0.532663316582915	pred.prob	8	1474
#FF0000	-0.512562814070352	pred.prob	8	1475
#FF0000	-0.492462311557789	pred.prob	8	1476
#FF0000	-0.472361809045226	pred.prob	8	1477
#FF0000	-0.452261306532663	pred.prob	8	1478
#FF0000	-0.4321608040201	pred.prob	8	1479
#FF0000	-0.412060301507538	pred.prob	8	1480
#FF0000	-0.391959798994975	pred.prob	8	1481
#FF0000	-0.371859296482412	pred.prob	8	1482
#FF0000	-0.351758793969849	pred.prob	8	1483
#FF0000	-0.331658291457286	pred.prob	8	1484
#FF0000	-0.311557788944724	pred.prob	8	1485
#FF0000	-0.291457286432161	pred.prob	8	1486
#FF0000	-0.271356783919598	pred.prob	8	1487
#FF0000	-0.251256281407035	pred.prob	8	1488
#FF0000	-0.231155778894472	pred.prob	8	1489
#FF0000	-0.21105527638191	pred.prob	8	1490
#FF0000	-0.190954773869347	pred.prob	8	1491
#FF0000	-0.170854271356784	pred.prob	8	1492
#FF0000	-0.150753768844221	pred.prob	8	1493
#FF0000	-0.130653266331658	pred.prob	8	1494
#FF0000	-0.110552763819096	pred.prob	8	1495
#FF0000	-0.0904522613065326	pred.prob	8	1496
#FF0000	-0.0703517587939699	pred.prob	8	1497
#FF0000	-0.050251256281407	pred.prob	8	1498
#FF0000	-0.0301507537688441	pred.prob	8	1499
#FF0000	-0.0100502512562815	pred.prob	8	1500
#FF0000	0.0100502512562812	pred.prob	8	1501
#FF0000	0.0301507537688441	pred.prob	8	1502
#FF0000	0.050251256281407	pred.prob	8	1503
#FF0000	0.0703517587939699	pred.prob	8	1504
#FF0000	0.0904522613065328	pred.prob	8	1505
#FF0000	0.110552763819095	pred.prob	8	1506
#FF0000	0.130653266331658	pred.prob	8	1507
#FF0000	0.150753768844221	pred.prob	8	1508
#FF0000	0.170854271356784	pred.prob	8	1509
#FF0000	0.190954773869347	pred.prob	8	1510
#FF0000	0.21105527638191	pred.prob	8	1511
#FF0000	0.231155778894472	pred.prob	8	1512
#FF0000	0.251256281407035	pred.prob	8	1513
#FF0000	0.271356783919598	pred.prob	8	1514
#FF0000	0.291457286432161	pred.prob	8	1515
#FF0000	0.311557788944724	pred.prob	8	1516
#FF0000	0.331658291457286	pred.prob	8	1517
#FF0000	0.351758793969849	pred.prob	8	1518
#FF0000	0.371859296482412	pred.prob	8	1519
#FF0000	0.391959798994975	pred.prob	8	1520
#FF0000	0.412060301507538	pred.prob	8	1521
#FF0000	0.4321608040201	pred.prob	8	1522
#FF0000	0.452261306532663	pred.prob	8	1523
#FF0000	0.472361809045226	pred.prob	8	1524
#FF0000	0.492462311557789	pred.prob	8	1525
#FF0000	0.512562814070352	pred.prob	8	1526
#FF0000	0.532663316582914	pred.prob	8	1527
#FF0000	0.552763819095477	pred.prob	8	1528
#FF0000	0.57286432160804	pred.prob	8	1529
#FF0000	0.592964824120603	pred.prob	8	1530
#FF0000	0.613065326633166	pred.prob	8	1531
#FF0000	0.633165829145728	pred.prob	8	1532
#FF0000	0.653266331658291	pred.prob	8	1533
#FF0000	0.673366834170854	pred.prob	8	1534
#FF0000	0.693467336683417	pred.prob	8	1535
#FF0000	0.71356783919598	pred.prob	8	1536
#FF0000	0.733668341708543	pred.prob	8	1537
#FF0000	0.753768844221105	pred.prob	8	1538
#FF0000	0.773869346733668	pred.prob	8	1539
#FF0000	0.793969849246231	pred.prob	8	1540
#FF0000	0.814070351758794	pred.prob	8	1541
#FF0000	0.834170854271357	pred.prob	8	1542
#FF0000	0.85427135678392	pred.prob	8	1543
#FF0000	0.874371859296482	pred.prob	8	1544
#FF0000	0.894472361809045	pred.prob	8	1545
#FF0000	0.914572864321608	pred.prob	8	1546
#FF0000	0.934673366834171	pred.prob	8	1547
#FF0000	0.954773869346734	pred.prob	8	1548
#FF0000	0.974874371859296	pred.prob	8	1549
#FF0000	0.994974874371859	pred.prob	8	1550
#FF0000	1.01507537688442	pred.prob	8	1551
#FF0000	1.03517587939699	pred.prob	8	1552
#FF0000	1.05527638190955	pred.prob	8	1553
#FF0000	1.07537688442211	pred.prob	8	1554
#FF0000	1.09547738693467	pred.prob	8	1555
#FF0000	1.11557788944724	pred.prob	8	1556
#FF0000	1.1356783919598	pred.prob	8	1557
#FF0000	1.15577889447236	pred.prob	8	1558
#FF0000	1.17587939698492	pred.prob	8	1559
#FF0000	1.19597989949749	pred.prob	8	1560
#FF0000	1.21608040201005	pred.prob	8	1561
#FF0000	1.23618090452261	pred.prob	8	1562
#FF0000	1.25628140703518	pred.prob	8	1563
#FF0000	1.27638190954774	pred.prob	8	1564
#FF0000	1.2964824120603	pred.prob	8	1565
#FF0000	1.31658291457286	pred.prob	8	1566
#FF0000	1.33668341708543	pred.prob	8	1567
#FF0000	1.35678391959799	pred.prob	8	1568
#FF0000	1.37688442211055	pred.prob	8	1569
#FF0000	1.39698492462312	pred.prob	8	1570
#FF0000	1.41708542713568	pred.prob	8	1571
#FF0000	1.43718592964824	pred.prob	8	1572
#FF0000	1.4572864321608	pred.prob	8	1573
#FF0000	1.47738693467337	pred.prob	8	1574
#FF0000	1.49748743718593	pred.prob	8	1575
#FF0000	1.51758793969849	pred.prob	8	1576
#FF0000	1.53768844221106	pred.prob	8	1577
#FF0000	1.55778894472362	pred.prob	8	1578
#FF0000	1.57788944723618	pred.prob	8	1579
#FF0000	1.59798994974874	pred.prob	8	1580
#FF0000	1.61809045226131	pred.prob	8	1581
#FF0000	1.63819095477387	pred.prob	8	1582
#FF0000	1.65829145728643	pred.prob	8	1583
#FF0000	1.67839195979899	pred.prob	8	1584
#FF0000	1.69849246231156	pred.prob	8	1585
#FF0000	1.71859296482412	pred.prob	8	1586
#FF0000	1.73869346733668	pred.prob	8	1587
#FF0000	1.75879396984925	pred.prob	8	1588
#FF0000	1.77889447236181	pred.prob	8	1589
#FF0000	1.79899497487437	pred.prob	8	1590
#FF0000	1.81909547738693	pred.prob	8	1591
#FF0000	1.8391959798995	pred.prob	8	1592
#FF0000	1.85929648241206	pred.prob	8	1593
#FF0000	1.87939698492462	pred.prob	8	1594
#FF0000	1.89949748743719	pred.prob	8	1595
#FF0000	1.91959798994975	pred.prob	8	1596
#FF0000	1.93969849246231	pred.prob	8	1597
#FF0000	1.95979899497487	pred.prob	8	1598
#FF0000	1.97989949748744	pred.prob	8	1599
#FF0000	2	pred.prob	8	1600
